,State,Parks
0,AK,19
1,AL,7
2,AR,7
3,AS,1
4,AZ,21
5,CA,30
6,CO,13
7,CT,2
8,DC,25
9,DE,1
10,FL,10
11,GA,13
12,GU,1
13,HI,9
14,IA,2
15,ID,5
16,IL,2
17,IN,3
18,KS,5
19,KY,4
20,LA,6
21,MA,19
22,MD,22
23,ME,5
24,MI,7
25,MN,4
26,MO,6
27,MP,1
28,MS,9
29,MT,5
30,NC,9
31,ND,3
32,NE,5
33,NH,1
34,NJ,4
35,NM,23
36,NV,3
37,NY,29
38,OH,11
39,OK,3
40,OR,4
41,PA,23
42,PR,1
43,RI,2
44,SC,10
45,SD,6
46,TN,8
47,TX,14
48,UT,11
49,VA,25
50,VI,5
51,VT,1
52,WA,11
53,WI,3
54,WV,8
55,WY,5
